{
  "Authenticate" : {
    "transaction" : "Authenticate",
    "sampleCount" : 150,
    "errorCount" : 0,
    "errorPct" : 0.0,
    "meanResTime" : 186.9,
    "medianResTime" : 185.5,
    "minResTime" : 162.0,
    "maxResTime" : 220.0,
    "pct1ResTime" : 205.0,
    "pct2ResTime" : 211.45,
    "pct3ResTime" : 217.96000000000004,
    "throughput" : 15.351550506601168,
    "receivedKBytesPerSec" : 78.9735329674547,
    "sentKBytesPerSec" : 22.38268057261283
  },
  "Authenticate-0" : {
    "transaction" : "Authenticate-0",
    "sampleCount" : 150,
    "errorCount" : 0,
    "errorPct" : 0.0,
    "meanResTime" : 93.28666666666666,
    "medianResTime" : 92.0,
    "minResTime" : 80.0,
    "maxResTime" : 116.0,
    "pct1ResTime" : 103.0,
    "pct2ResTime" : 109.44999999999999,
    "pct3ResTime" : 115.49000000000001,
    "throughput" : 15.51510136532892,
    "receivedKBytesPerSec" : 21.415486333781548,
    "sentKBytesPerSec" : 12.015112678423666
  },
  "Secure-0" : {
    "transaction" : "Secure-0",
    "sampleCount" : 150,
    "errorCount" : 0,
    "errorPct" : 0.0,
    "meanResTime" : 88.10666666666661,
    "medianResTime" : 87.0,
    "minResTime" : 74.0,
    "maxResTime" : 109.0,
    "pct1ResTime" : 98.0,
    "pct2ResTime" : 100.44999999999999,
    "pct3ResTime" : 108.49000000000001,
    "throughput" : 15.457543281121188,
    "receivedKBytesPerSec" : 21.65303933944765,
    "sentKBytesPerSec" : 9.796821864694971
  },
  "Total" : {
    "transaction" : "Total",
    "sampleCount" : 1650,
    "errorCount" : 0,
    "errorPct" : 0.0,
    "meanResTime" : 124.53636363636352,
    "medianResTime" : 96.0,
    "minResTime" : 73.0,
    "maxResTime" : 574.0,
    "pct1ResTime" : 190.0,
    "pct2ResTime" : 198.0,
    "pct3ResTime" : 212.0,
    "throughput" : 152.82022784106698,
    "receivedKBytesPerSec" : 523.1547608710753,
    "sentKBytesPerSec" : 125.56385020144484
  },
  "Authenticate-1" : {
    "transaction" : "Authenticate-1",
    "sampleCount" : 150,
    "errorCount" : 0,
    "errorPct" : 0.0,
    "meanResTime" : 93.36,
    "medianResTime" : 92.0,
    "minResTime" : 78.0,
    "maxResTime" : 124.0,
    "pct1ResTime" : 103.0,
    "pct2ResTime" : 110.0,
    "pct3ResTime" : 121.45000000000005,
    "throughput" : 15.48467017652524,
    "receivedKBytesPerSec" : 58.28486308970786,
    "sentKBytesPerSec" : 10.585223753484051
  },
  "Secure" : {
    "transaction" : "Secure",
    "sampleCount" : 150,
    "errorCount" : 0,
    "errorPct" : 0.0,
    "meanResTime" : 177.60666666666663,
    "medianResTime" : 177.0,
    "minResTime" : 155.0,
    "maxResTime" : 220.0,
    "pct1ResTime" : 195.9,
    "pct2ResTime" : 200.45,
    "pct3ResTime" : 214.3900000000001,
    "throughput" : 15.302999387880025,
    "receivedKBytesPerSec" : 79.24761847072027,
    "sentKBytesPerSec" : 20.53351675678433
  },
  "Secure-1" : {
    "transaction" : "Secure-1",
    "sampleCount" : 150,
    "errorCount" : 0,
    "errorPct" : 0.0,
    "meanResTime" : 89.28666666666662,
    "medianResTime" : 88.0,
    "minResTime" : 77.0,
    "maxResTime" : 116.0,
    "pct1ResTime" : 98.0,
    "pct2ResTime" : 100.44999999999999,
    "pct3ResTime" : 115.49000000000001,
    "throughput" : 15.430511264273223,
    "receivedKBytesPerSec" : 58.2927746631005,
    "sentKBytesPerSec" : 10.924922525974694
  },
  "Logout" : {
    "transaction" : "Logout",
    "sampleCount" : 150,
    "errorCount" : 0,
    "errorPct" : 0.0,
    "meanResTime" : 178.28000000000003,
    "medianResTime" : 177.0,
    "minResTime" : 155.0,
    "maxResTime" : 211.0,
    "pct1ResTime" : 194.0,
    "pct2ResTime" : 200.89999999999998,
    "pct3ResTime" : 210.49,
    "throughput" : 15.312372396896691,
    "receivedKBytesPerSec" : 79.18988777307065,
    "sentKBytesPerSec" : 20.486279476316867
  },
  "Login" : {
    "transaction" : "Login",
    "sampleCount" : 300,
    "errorCount" : 0,
    "errorPct" : 0.0,
    "meanResTime" : 142.52000000000012,
    "medianResTime" : 137.0,
    "minResTime" : 74.0,
    "maxResTime" : 574.0,
    "pct1ResTime" : 199.0,
    "pct2ResTime" : 207.95,
    "pct3ResTime" : 476.94000000000096,
    "throughput" : 27.785495971103085,
    "receivedKBytesPerSec" : 92.63152525006946,
    "sentKBytesPerSec" : 10.595933766323979
  },
  "Logout-1" : {
    "transaction" : "Logout-1",
    "sampleCount" : 150,
    "errorCount" : 0,
    "errorPct" : 0.0,
    "meanResTime" : 89.31333333333339,
    "medianResTime" : 89.0,
    "minResTime" : 78.0,
    "maxResTime" : 110.0,
    "pct1ResTime" : 98.9,
    "pct2ResTime" : 103.44999999999999,
    "pct3ResTime" : 109.49000000000001,
    "throughput" : 15.443220426232884,
    "receivedKBytesPerSec" : 58.29514085503964,
    "sentKBytesPerSec" : 10.873595632142491
  },
  "Logout-0" : {
    "transaction" : "Logout-0",
    "sampleCount" : 150,
    "errorCount" : 0,
    "errorPct" : 0.0,
    "meanResTime" : 88.72000000000001,
    "medianResTime" : 87.5,
    "minResTime" : 73.0,
    "maxResTime" : 115.0,
    "pct1ResTime" : 98.0,
    "pct2ResTime" : 100.0,
    "pct3ResTime" : 112.45000000000005,
    "throughput" : 15.440041173443129,
    "receivedKBytesPerSec" : 21.567003345342254,
    "sentKBytesPerSec" : 9.78572922027792
  }
}