{
  "Authenticate" : {
    "transaction" : "Authenticate",
    "sampleCount" : 30,
    "errorCount" : 0,
    "errorPct" : 0.0,
    "meanResTime" : 197.5666666666667,
    "medianResTime" : 190.5,
    "minResTime" : 172.0,
    "maxResTime" : 263.0,
    "pct1ResTime" : 220.0,
    "pct2ResTime" : 259.15,
    "pct3ResTime" : 263.0,
    "throughput" : 3.2590983161325364,
    "receivedKBytesPerSec" : 16.75571190928843,
    "sentKBytesPerSec" : 4.7517908066268335
  },
  "Authenticate-0" : {
    "transaction" : "Authenticate-0",
    "sampleCount" : 30,
    "errorCount" : 0,
    "errorPct" : 0.0,
    "meanResTime" : 98.23333333333335,
    "medianResTime" : 95.5,
    "minResTime" : 83.0,
    "maxResTime" : 129.0,
    "pct1ResTime" : 120.60000000000002,
    "pct2ResTime" : 125.69999999999999,
    "pct3ResTime" : 129.0,
    "throughput" : 3.293084522502744,
    "receivedKBytesPerSec" : 4.540211649286499,
    "sentKBytesPerSec" : 2.550210963227223
  },
  "Secure-0" : {
    "transaction" : "Secure-0",
    "sampleCount" : 30,
    "errorCount" : 0,
    "errorPct" : 0.0,
    "meanResTime" : 98.66666666666667,
    "medianResTime" : 94.0,
    "minResTime" : 78.0,
    "maxResTime" : 188.0,
    "pct1ResTime" : 116.00000000000003,
    "pct2ResTime" : 152.79999999999995,
    "pct3ResTime" : 188.0,
    "throughput" : 3.290917068889864,
    "receivedKBytesPerSec" : 4.603427353005705,
    "sentKBytesPerSec" : 2.085747243856955
  },
  "Total" : {
    "transaction" : "Total",
    "sampleCount" : 330,
    "errorCount" : 0,
    "errorPct" : 0.0,
    "meanResTime" : 135.33636363636364,
    "medianResTime" : 102.5,
    "minResTime" : 78.0,
    "maxResTime" : 804.0,
    "pct1ResTime" : 204.0,
    "pct2ResTime" : 220.45,
    "pct3ResTime" : 295.6699999999999,
    "throughput" : 31.530670743359448,
    "receivedKBytesPerSec" : 107.87740510940188,
    "sentKBytesPerSec" : 25.90699198595452
  },
  "Authenticate-1" : {
    "transaction" : "Authenticate-1",
    "sampleCount" : 30,
    "errorCount" : 0,
    "errorPct" : 0.0,
    "meanResTime" : 99.10000000000001,
    "medianResTime" : 95.0,
    "minResTime" : 85.0,
    "maxResTime" : 153.0,
    "pct1ResTime" : 120.4,
    "pct2ResTime" : 142.54999999999998,
    "pct3ResTime" : 153.0,
    "throughput" : 3.2912781130005486,
    "receivedKBytesPerSec" : 12.383433900164563,
    "sentKBytesPerSec" : 2.249897147558969
  },
  "Secure" : {
    "transaction" : "Secure",
    "sampleCount" : 30,
    "errorCount" : 0,
    "errorPct" : 0.0,
    "meanResTime" : 194.96666666666664,
    "medianResTime" : 188.5,
    "minResTime" : 165.0,
    "maxResTime" : 309.0,
    "pct1ResTime" : 241.5,
    "pct2ResTime" : 274.34999999999997,
    "pct3ResTime" : 309.0,
    "throughput" : 3.2587442971974796,
    "receivedKBytesPerSec" : 16.864850369324355,
    "sentKBytesPerSec" : 4.37257291440365
  },
  "Secure-1" : {
    "transaction" : "Secure-1",
    "sampleCount" : 30,
    "errorCount" : 0,
    "errorPct" : 0.0,
    "meanResTime" : 95.96666666666668,
    "medianResTime" : 92.5,
    "minResTime" : 78.0,
    "maxResTime" : 137.0,
    "pct1ResTime" : 121.9,
    "pct2ResTime" : 133.7,
    "pct3ResTime" : 137.0,
    "throughput" : 3.289473684210526,
    "receivedKBytesPerSec" : 12.422474643640353,
    "sentKBytesPerSec" : 2.3289730674342106
  },
  "Logout" : {
    "transaction" : "Logout",
    "sampleCount" : 30,
    "errorCount" : 0,
    "errorPct" : 0.0,
    "meanResTime" : 188.96666666666667,
    "medianResTime" : 183.0,
    "minResTime" : 161.0,
    "maxResTime" : 266.0,
    "pct1ResTime" : 215.70000000000002,
    "pct2ResTime" : 243.44999999999996,
    "pct3ResTime" : 266.0,
    "throughput" : 3.256621797655232,
    "receivedKBytesPerSec" : 16.83160381838906,
    "sentKBytesPerSec" : 4.357003772253583
  },
  "Login" : {
    "transaction" : "Login",
    "sampleCount" : 60,
    "errorCount" : 0,
    "errorPct" : 0.0,
    "meanResTime" : 163.29999999999998,
    "medianResTime" : 150.0,
    "minResTime" : 80.0,
    "maxResTime" : 804.0,
    "pct1ResTime" : 228.2,
    "pct2ResTime" : 258.29999999999995,
    "pct3ResTime" : 804.0,
    "throughput" : 5.732849226065355,
    "receivedKBytesPerSec" : 19.104832015574242,
    "sentKBytesPerSec" : 2.1862086159946497
  },
  "Logout-1" : {
    "transaction" : "Logout-1",
    "sampleCount" : 30,
    "errorCount" : 0,
    "errorPct" : 0.0,
    "meanResTime" : 93.23333333333333,
    "medianResTime" : 89.5,
    "minResTime" : 81.0,
    "maxResTime" : 122.0,
    "pct1ResTime" : 116.70000000000003,
    "pct2ResTime" : 119.8,
    "pct3ResTime" : 122.0,
    "throughput" : 3.288391976323578,
    "receivedKBytesPerSec" : 12.407471158062043,
    "sentKBytesPerSec" : 2.3153619286418943
  },
  "Logout-0" : {
    "transaction" : "Logout-0",
    "sampleCount" : 30,
    "errorCount" : 0,
    "errorPct" : 0.0,
    "meanResTime" : 95.4,
    "medianResTime" : 92.0,
    "minResTime" : 79.0,
    "maxResTime" : 148.0,
    "pct1ResTime" : 112.7,
    "pct2ResTime" : 139.2,
    "pct3ResTime" : 148.0,
    "throughput" : 3.288391976323578,
    "receivedKBytesPerSec" : 4.588334429463992,
    "sentKBytesPerSec" : 2.0841468678066426
  }
}